<?xml version="1.0" encoding="UTF-8"?>
<!DOCTYPE suite SYSTEM "http://testng.org/testng-1.0.dtd">
<suite name="Sanity Suite Suite">

    <listeners>
        <listener  class-name="Util.ListenerClass"/>
    </listeners>
    <test verbose="2" preserve-order="true" name="DemoProject">
        <groups>
            <run>
                <include name = "sanity"></include>
            </run>
        </groups>
        <classes>
            <class name="LoginTests"/>
        </classes>
    </test>
</suite>